antecedents,consequents,antecedent support,consequent support,support,confidence,lift,representativity,leverage,conviction,zhangs_metric,jaccard,certainty,kulczynski,antecedents_str,consequents_str,rule_str
frozenset({'WOODEN HEART CHRISTMAS SCANDINAVIAN'}),frozenset({'WOODEN STAR CHRISTMAS SCANDINAVIAN'}),0.02824482548138283,0.026580100993285612,0.020420620387325897,0.7229862475442044,27.200282185791455,1.0,0.019669870073493016,3.51397679854197,0.9912328750968282,0.5935483870967742,0.7154221392654263,0.7456267354631252,WOODEN HEART CHRISTMAS SCANDINAVIAN,WOODEN STAR CHRISTMAS SCANDINAVIAN,WOODEN HEART CHRISTMAS SCANDINAVIAN → WOODEN STAR CHRISTMAS SCANDINAVIAN
frozenset({'WOODEN STAR CHRISTMAS SCANDINAVIAN'}),frozenset({'WOODEN HEART CHRISTMAS SCANDINAVIAN'}),0.026580100993285612,0.02824482548138283,0.020420620387325897,0.7682672233820459,27.20028218579145,1.0,0.019669870073493016,4.193429987337095,0.9895376871904945,0.5935483870967742,0.7615317286756423,0.7456267354631252,WOODEN STAR CHRISTMAS SCANDINAVIAN,WOODEN HEART CHRISTMAS SCANDINAVIAN,WOODEN STAR CHRISTMAS SCANDINAVIAN → WOODEN HEART CHRISTMAS SCANDINAVIAN
"frozenset({'GREEN REGENCY TEACUP AND SAUCER', 'ROSES REGENCY TEACUP AND SAUCER '})",frozenset({'PINK REGENCY TEACUP AND SAUCER'}),0.038843571388935134,0.03895455302147494,0.027301481604794408,0.7028571428571428,18.043003663003663,1.0,0.02578834764358069,3.234287561946959,0.9827503904044295,0.5406593406593407,0.6908128974784093,0.7018559218559219,"GREEN REGENCY TEACUP AND SAUCER, ROSES REGENCY TEACUP AND SAUCER ",PINK REGENCY TEACUP AND SAUCER,"GREEN REGENCY TEACUP AND SAUCER, ROSES REGENCY TEACUP AND SAUCER  → PINK REGENCY TEACUP AND SAUCER"
"frozenset({'PINK REGENCY TEACUP AND SAUCER', 'ROSES REGENCY TEACUP AND SAUCER '})",frozenset({'GREEN REGENCY TEACUP AND SAUCER'}),0.030242494867099495,0.05171744076355363,0.027301481604794408,0.9027522935779817,17.45547111863606,1.0,0.025737417167963114,9.751207448752142,0.9721104157711296,0.4994923857868021,0.8974485974936397,0.7153246446430681,"PINK REGENCY TEACUP AND SAUCER, ROSES REGENCY TEACUP AND SAUCER ",GREEN REGENCY TEACUP AND SAUCER,"PINK REGENCY TEACUP AND SAUCER, ROSES REGENCY TEACUP AND SAUCER  → GREEN REGENCY TEACUP AND SAUCER"
"frozenset({'GREEN REGENCY TEACUP AND SAUCER', 'PINK REGENCY TEACUP AND SAUCER'})",frozenset({'ROSES REGENCY TEACUP AND SAUCER '}),0.031962710171466624,0.05304922035403141,0.027301481604794408,0.8541666666666666,16.101399058577403,1.0,0.025605884749796234,6.493376774715212,0.9688610196506092,0.4730769230769231,0.8459969235276882,0.684405509065551,"GREEN REGENCY TEACUP AND SAUCER, PINK REGENCY TEACUP AND SAUCER",ROSES REGENCY TEACUP AND SAUCER ,"GREEN REGENCY TEACUP AND SAUCER, PINK REGENCY TEACUP AND SAUCER → ROSES REGENCY TEACUP AND SAUCER "
frozenset({'GREEN REGENCY TEACUP AND SAUCER'}),frozenset({'PINK REGENCY TEACUP AND SAUCER'}),0.05171744076355363,0.03895455302147494,0.031962710171466624,0.6180257510729614,15.865302079894358,1.0,0.029948080383107784,2.5159953836628803,0.9880698109895255,0.5444234404536863,0.6025429909397677,0.7192692857928911,GREEN REGENCY TEACUP AND SAUCER,PINK REGENCY TEACUP AND SAUCER,GREEN REGENCY TEACUP AND SAUCER → PINK REGENCY TEACUP AND SAUCER
frozenset({'PINK REGENCY TEACUP AND SAUCER'}),frozenset({'GREEN REGENCY TEACUP AND SAUCER'}),0.03895455302147494,0.05171744076355363,0.031962710171466624,0.8205128205128206,15.865302079894356,1.0,0.029948080383107784,5.2832885443173465,0.9749480339511519,0.5444234404536863,0.810723947478585,0.7192692857928911,PINK REGENCY TEACUP AND SAUCER,GREEN REGENCY TEACUP AND SAUCER,PINK REGENCY TEACUP AND SAUCER → GREEN REGENCY TEACUP AND SAUCER
frozenset({'SPACEBOY LUNCH BOX '}),frozenset({'DOLLY GIRL LUNCH BOX'}),0.03889906220520504,0.03878808057266522,0.023639087730980522,0.6077032810271041,15.667268708711651,1.0,0.02213026777196391,2.4502165655220423,0.9740627947825521,0.4373716632443532,0.5918728107256347,0.6085726705564705,SPACEBOY LUNCH BOX ,DOLLY GIRL LUNCH BOX,SPACEBOY LUNCH BOX  → DOLLY GIRL LUNCH BOX
frozenset({'DOLLY GIRL LUNCH BOX'}),frozenset({'SPACEBOY LUNCH BOX '}),0.03878808057266522,0.03889906220520504,0.023639087730980522,0.6094420600858369,15.66726870871165,1.0,0.02213026777196391,2.460840862705354,0.973950329386549,0.4373716632443532,0.5936348363052464,0.6085726705564705,DOLLY GIRL LUNCH BOX,SPACEBOY LUNCH BOX ,DOLLY GIRL LUNCH BOX → SPACEBOY LUNCH BOX 
frozenset({'WOODLAND CHARLOTTE BAG'}),frozenset({'STRAWBERRY CHARLOTTE BAG'}),0.03778924587980689,0.03734531934964763,0.020753565284945343,0.5491923641703378,14.70578840224912,1.0,0.019342313829581598,2.1354001222243975,0.9686023166737598,0.38163265306122457,0.5317036888813499,0.5524565089796711,WOODLAND CHARLOTTE BAG,STRAWBERRY CHARLOTTE BAG,WOODLAND CHARLOTTE BAG → STRAWBERRY CHARLOTTE BAG
frozenset({'STRAWBERRY CHARLOTTE BAG'}),frozenset({'WOODLAND CHARLOTTE BAG'}),0.03734531934964763,0.03778924587980689,0.020753565284945343,0.5557206537890045,14.705788402249118,1.0,0.019342313829581598,2.165778720812341,0.9681556474016022,0.38163265306122457,0.5382723126834862,0.5524565089796711,STRAWBERRY CHARLOTTE BAG,WOODLAND CHARLOTTE BAG,STRAWBERRY CHARLOTTE BAG → WOODLAND CHARLOTTE BAG
frozenset({'PINK REGENCY TEACUP AND SAUCER'}),frozenset({'ROSES REGENCY TEACUP AND SAUCER '}),0.03895455302147494,0.05304922035403141,0.030242494867099495,0.7763532763532764,14.634584093266103,1.0,0.02817598620007047,4.234136607079428,0.9694325212115241,0.48966756513926324,0.76382434182024,0.6732184791808222,PINK REGENCY TEACUP AND SAUCER,ROSES REGENCY TEACUP AND SAUCER ,PINK REGENCY TEACUP AND SAUCER → ROSES REGENCY TEACUP AND SAUCER 
frozenset({'ROSES REGENCY TEACUP AND SAUCER '}),frozenset({'PINK REGENCY TEACUP AND SAUCER'}),0.05304922035403141,0.03895455302147494,0.030242494867099495,0.5700836820083681,14.6345840932661,1.0,0.02817598620007047,2.235424446013308,0.9838618127666208,0.48966756513926324,0.5526576611509211,0.6732184791808222,ROSES REGENCY TEACUP AND SAUCER ,PINK REGENCY TEACUP AND SAUCER,ROSES REGENCY TEACUP AND SAUCER  → PINK REGENCY TEACUP AND SAUCER
frozenset({'GARDENERS KNEELING PAD CUP OF TEA '}),frozenset({'GARDENERS KNEELING PAD KEEP CALM '}),0.041618112202430495,0.04983075301037678,0.030020531602019864,0.7213333333333334,14.475665924276171,1.0,0.027946669732102403,3.4096982547474526,0.9713440553122343,0.4887082204155375,0.7067189160777901,0.6618916109873794,GARDENERS KNEELING PAD CUP OF TEA ,GARDENERS KNEELING PAD KEEP CALM ,GARDENERS KNEELING PAD CUP OF TEA  → GARDENERS KNEELING PAD KEEP CALM 
frozenset({'GARDENERS KNEELING PAD KEEP CALM '}),frozenset({'GARDENERS KNEELING PAD CUP OF TEA '}),0.04983075301037678,0.041618112202430495,0.030020531602019864,0.6024498886414253,14.47566592427617,1.0,0.027946669732102403,2.410719706560833,0.9797397172982303,0.4887082204155375,0.585186117955366,0.6618916109873794,GARDENERS KNEELING PAD KEEP CALM ,GARDENERS KNEELING PAD CUP OF TEA ,GARDENERS KNEELING PAD KEEP CALM  → GARDENERS KNEELING PAD CUP OF TEA 
frozenset({'STRAWBERRY CHARLOTTE BAG'}),frozenset({'CHARLOTTE BAG PINK POLKADOT'}),0.03734531934964763,0.03734531934964763,0.020087675489706455,0.5378900445765231,14.403144863764522,1.0,0.01869300261237929,2.0831723475166792,0.9666713694447239,0.36788617886178865,0.5199629060014713,0.5378900445765231,STRAWBERRY CHARLOTTE BAG,CHARLOTTE BAG PINK POLKADOT,STRAWBERRY CHARLOTTE BAG → CHARLOTTE BAG PINK POLKADOT
frozenset({'CHARLOTTE BAG PINK POLKADOT'}),frozenset({'STRAWBERRY CHARLOTTE BAG'}),0.03734531934964763,0.03734531934964763,0.020087675489706455,0.5378900445765231,14.403144863764522,1.0,0.01869300261237929,2.0831723475166792,0.9666713694447239,0.36788617886178865,0.5199629060014713,0.5378900445765231,CHARLOTTE BAG PINK POLKADOT,STRAWBERRY CHARLOTTE BAG,CHARLOTTE BAG PINK POLKADOT → STRAWBERRY CHARLOTTE BAG
frozenset({'RED RETROSPOT CHARLOTTE BAG'}),frozenset({'CHARLOTTE BAG PINK POLKADOT'}),0.050108207091726316,0.03734531934964763,0.026580100993285612,0.5304540420819491,14.204030152093322,1.0,0.024708793997406817,2.050182020347331,0.9786350960458428,0.4366453965360074,0.5122384305025827,0.621096263240083,RED RETROSPOT CHARLOTTE BAG,CHARLOTTE BAG PINK POLKADOT,RED RETROSPOT CHARLOTTE BAG → CHARLOTTE BAG PINK POLKADOT
frozenset({'CHARLOTTE BAG PINK POLKADOT'}),frozenset({'RED RETROSPOT CHARLOTTE BAG'}),0.03734531934964763,0.050108207091726316,0.026580100993285612,0.711738484398217,14.20403015209332,1.0,0.024708793997406817,3.295243178491073,0.9656603397574783,0.4366453965360074,0.6965322600385715,0.621096263240083,CHARLOTTE BAG PINK POLKADOT,RED RETROSPOT CHARLOTTE BAG,CHARLOTTE BAG PINK POLKADOT → RED RETROSPOT CHARLOTTE BAG
frozenset({'GREEN REGENCY TEACUP AND SAUCER'}),frozenset({'ROSES REGENCY TEACUP AND SAUCER '}),0.05171744076355363,0.05304922035403141,0.038843571388935134,0.7510729613733906,14.158039578357608,1.0,0.03610000147772281,3.8041298561639785,0.9800546717604475,0.5892255892255893,0.7371277958927556,0.741645267297574,GREEN REGENCY TEACUP AND SAUCER,ROSES REGENCY TEACUP AND SAUCER ,GREEN REGENCY TEACUP AND SAUCER → ROSES REGENCY TEACUP AND SAUCER 
frozenset({'ROSES REGENCY TEACUP AND SAUCER '}),frozenset({'GREEN REGENCY TEACUP AND SAUCER'}),0.05304922035403141,0.05171744076355363,0.038843571388935134,0.7322175732217574,14.158039578357608,1.0,0.03610000147772281,3.541242682148605,0.981433008245783,0.5892255892255893,0.7176132533810808,0.741645267297574,ROSES REGENCY TEACUP AND SAUCER ,GREEN REGENCY TEACUP AND SAUCER,ROSES REGENCY TEACUP AND SAUCER  → GREEN REGENCY TEACUP AND SAUCER
frozenset({'JUMBO BAG PEARS'}),frozenset({'JUMBO BAG APPLES'}),0.030408967315909217,0.049109372398867986,0.020642583652405528,0.6788321167883212,13.822862798465918,1.0,0.019149218352223538,2.9607276359398886,0.9567498610759828,0.35061262959472195,0.6622451900468217,0.5495855499195843,JUMBO BAG PEARS,JUMBO BAG APPLES,JUMBO BAG PEARS → JUMBO BAG APPLES
frozenset({'JUMBO BAG APPLES'}),frozenset({'JUMBO BAG PEARS'}),0.049109372398867986,0.030408967315909217,0.020642583652405528,0.4203389830508475,13.822862798465916,1.0,0.019149218352223538,1.6726862844550106,0.9755654950152105,0.35061262959472195,0.40215926363871823,0.5495855499195843,JUMBO BAG APPLES,JUMBO BAG PEARS,JUMBO BAG APPLES → JUMBO BAG PEARS
frozenset({'WOODLAND CHARLOTTE BAG'}),frozenset({'CHARLOTTE BAG SUKI DESIGN'}),0.03778924587980689,0.04461461628100549,0.022917707119471727,0.606461086637298,13.593327415784513,1.0,0.021231754414995575,2.427677038479982,0.9628186867967526,0.3852611940298507,0.5880835942551401,0.5600713393385495,WOODLAND CHARLOTTE BAG,CHARLOTTE BAG SUKI DESIGN,WOODLAND CHARLOTTE BAG → CHARLOTTE BAG SUKI DESIGN
frozenset({'CHARLOTTE BAG SUKI DESIGN'}),frozenset({'WOODLAND CHARLOTTE BAG'}),0.04461461628100549,0.03778924587980689,0.022917707119471727,0.513681592039801,13.593327415784513,1.0,0.021231754414995575,1.9785612437663307,0.9696971614715508,0.3852611940298507,0.4945822358794264,0.5600713393385495,CHARLOTTE BAG SUKI DESIGN,WOODLAND CHARLOTTE BAG,CHARLOTTE BAG SUKI DESIGN → WOODLAND CHARLOTTE BAG
frozenset({'STRAWBERRY CHARLOTTE BAG'}),frozenset({'RED RETROSPOT CHARLOTTE BAG'}),0.03734531934964763,0.050108207091726316,0.025414793851617556,0.6805349182763745,13.581306491980671,1.0,0.02354348685573876,2.973382216871015,0.9623070451975637,0.409660107334526,0.6636826593210974,0.5938665732024175,STRAWBERRY CHARLOTTE BAG,RED RETROSPOT CHARLOTTE BAG,STRAWBERRY CHARLOTTE BAG → RED RETROSPOT CHARLOTTE BAG
frozenset({'RED RETROSPOT CHARLOTTE BAG'}),frozenset({'STRAWBERRY CHARLOTTE BAG'}),0.050108207091726316,0.03734531934964763,0.025414793851617556,0.5071982281284607,13.58130649198067,1.0,0.02354348685573876,1.953431857589367,0.9752367461203024,0.409660107334526,0.4880804282397389,0.5938665732024175,RED RETROSPOT CHARLOTTE BAG,STRAWBERRY CHARLOTTE BAG,RED RETROSPOT CHARLOTTE BAG → STRAWBERRY CHARLOTTE BAG
frozenset({'HOT WATER BOTTLE I AM SO POORLY'}),frozenset({'CHOCOLATE HOT WATER BOTTLE'}),0.035236668331391156,0.04550246934132401,0.021031019366294878,0.5968503937007874,13.116879201075477,1.0,0.01942766394585535,2.3676012967510127,0.9575015168544613,0.35223048327137546,0.5776315879822039,0.5295227578260034,HOT WATER BOTTLE I AM SO POORLY,CHOCOLATE HOT WATER BOTTLE,HOT WATER BOTTLE I AM SO POORLY → CHOCOLATE HOT WATER BOTTLE
frozenset({'CHOCOLATE HOT WATER BOTTLE'}),frozenset({'HOT WATER BOTTLE I AM SO POORLY'}),0.04550246934132401,0.035236668331391156,0.021031019366294878,0.46219512195121953,13.116879201075475,1.0,0.01942766394585535,1.7938910021955992,0.9677996263026372,0.35223048327137546,0.4425525303510254,0.5295227578260034,CHOCOLATE HOT WATER BOTTLE,HOT WATER BOTTLE I AM SO POORLY,CHOCOLATE HOT WATER BOTTLE → HOT WATER BOTTLE I AM SO POORLY
frozenset({'STRAWBERRY CHARLOTTE BAG'}),frozenset({'CHARLOTTE BAG SUKI DESIGN'}),0.03734531934964763,0.04461461628100549,0.02180789079407358,0.5839524517087668,13.088814841099111,1.0,0.020141743701397444,2.296337011581726,0.9594290738136433,0.36254612546125464,0.5645238503945917,0.5363792109290102,STRAWBERRY CHARLOTTE BAG,CHARLOTTE BAG SUKI DESIGN,STRAWBERRY CHARLOTTE BAG → CHARLOTTE BAG SUKI DESIGN
frozenset({'CHARLOTTE BAG SUKI DESIGN'}),frozenset({'STRAWBERRY CHARLOTTE BAG'}),0.04461461628100549,0.03734531934964763,0.02180789079407358,0.48880597014925375,13.088814841099111,1.0,0.020141743701397444,1.8831493022941201,0.9667291382075325,0.36254612546125464,0.46897465921487785,0.5363792109290102,CHARLOTTE BAG SUKI DESIGN,STRAWBERRY CHARLOTTE BAG,CHARLOTTE BAG SUKI DESIGN → STRAWBERRY CHARLOTTE BAG
frozenset({'CHARLOTTE BAG PINK POLKADOT'}),frozenset({'CHARLOTTE BAG SUKI DESIGN'}),0.03734531934964763,0.04461461628100549,0.021308473447644416,0.5705794947994057,12.789070989776233,1.0,0.01964232635496828,2.224824786307555,0.9575689560756283,0.35132662397072284,0.5505264027287037,0.5240957175489567,CHARLOTTE BAG PINK POLKADOT,CHARLOTTE BAG SUKI DESIGN,CHARLOTTE BAG PINK POLKADOT → CHARLOTTE BAG SUKI DESIGN
frozenset({'CHARLOTTE BAG SUKI DESIGN'}),frozenset({'CHARLOTTE BAG PINK POLKADOT'}),0.04461461628100549,0.03734531934964763,0.021308473447644416,0.4776119402985075,12.789070989776231,1.0,0.01964232635496828,1.8427961029592463,0.9648548672823374,0.35132662397072284,0.45734636708089715,0.5240957175489567,CHARLOTTE BAG SUKI DESIGN,CHARLOTTE BAG PINK POLKADOT,CHARLOTTE BAG SUKI DESIGN → CHARLOTTE BAG PINK POLKADOT
frozenset({'WOODLAND CHARLOTTE BAG'}),frozenset({'RED RETROSPOT CHARLOTTE BAG'}),0.03778924587980689,0.050108207091726316,0.023861050996060153,0.631424375917768,12.601216698133,1.0,0.021967499637674623,2.577196458049938,0.9567993079584776,0.37261698440207974,0.6119814626950635,0.5538074260541221,WOODLAND CHARLOTTE BAG,RED RETROSPOT CHARLOTTE BAG,WOODLAND CHARLOTTE BAG → RED RETROSPOT CHARLOTTE BAG
frozenset({'RED RETROSPOT CHARLOTTE BAG'}),frozenset({'WOODLAND CHARLOTTE BAG'}),0.050108207091726316,0.03778924587980689,0.023861050996060153,0.4761904761904762,12.601216698132998,1.0,0.021967499637674623,1.836947803320369,0.9692078513845075,0.37261698440207974,0.45561871807546556,0.5538074260541221,RED RETROSPOT CHARLOTTE BAG,WOODLAND CHARLOTTE BAG,RED RETROSPOT CHARLOTTE BAG → WOODLAND CHARLOTTE BAG
frozenset({'DOTCOM POSTAGE'}),frozenset({'JUMBO BAG WOODLAND ANIMALS'}),0.03917651628655457,0.04078574995838189,0.020032184673436548,0.5113314447592069,12.537012198647165,1.0,0.018434341075932656,1.9629137986358913,0.957757792508537,0.3342592592592593,0.49055327814449073,0.5012439536721205,DOTCOM POSTAGE,JUMBO BAG WOODLAND ANIMALS,DOTCOM POSTAGE → JUMBO BAG WOODLAND ANIMALS
frozenset({'JUMBO BAG WOODLAND ANIMALS'}),frozenset({'DOTCOM POSTAGE'}),0.04078574995838189,0.03917651628655457,0.020032184673436548,0.49115646258503404,12.537012198647165,1.0,0.018434341075932656,1.8882493597042307,0.9593645827424111,0.3342592592592593,0.4704089293817441,0.5012439536721205,JUMBO BAG WOODLAND ANIMALS,DOTCOM POSTAGE,JUMBO BAG WOODLAND ANIMALS → DOTCOM POSTAGE
frozenset({'ALARM CLOCK BAKELIKE GREEN'}),frozenset({'ALARM CLOCK BAKELIKE RED '}),0.04860995505243882,0.05160645913101382,0.03124132955995783,0.6426940639269407,12.453752393577847,1.0,0.028732741901183724,2.6542899099080897,0.966693861313517,0.45293644408688655,0.623251402845205,0.6240352040064812,ALARM CLOCK BAKELIKE GREEN,ALARM CLOCK BAKELIKE RED ,ALARM CLOCK BAKELIKE GREEN → ALARM CLOCK BAKELIKE RED 
frozenset({'ALARM CLOCK BAKELIKE RED '}),frozenset({'ALARM CLOCK BAKELIKE GREEN'}),0.05160645913101382,0.04860995505243882,0.03124132955995783,0.6053763440860215,12.453752393577846,1.0,0.028732741901183724,2.4108794054529477,0.9697481863097681,0.45293644408688655,0.5852135956123764,0.6240352040064812,ALARM CLOCK BAKELIKE RED ,ALARM CLOCK BAKELIKE GREEN,ALARM CLOCK BAKELIKE RED  → ALARM CLOCK BAKELIKE GREEN
frozenset({'CHARLOTTE BAG SUKI DESIGN'}),frozenset({'RED RETROSPOT CHARLOTTE BAG'}),0.04461461628100549,0.050108207091726316,0.026358137728205982,0.5907960199004976,11.79040429083817,1.0,0.024122579296279454,2.32131611397645,0.9579226162636073,0.38555194805194815,0.5692099003754449,0.5584101915670816,CHARLOTTE BAG SUKI DESIGN,RED RETROSPOT CHARLOTTE BAG,CHARLOTTE BAG SUKI DESIGN → RED RETROSPOT CHARLOTTE BAG
frozenset({'RED RETROSPOT CHARLOTTE BAG'}),frozenset({'CHARLOTTE BAG SUKI DESIGN'}),0.050108207091726316,0.04461461628100549,0.026358137728205982,0.5260243632336656,11.79040429083817,1.0,0.024122579296279454,2.0156845829398415,0.9634626524249635,0.38555194805194815,0.503890634247191,0.5584101915670816,RED RETROSPOT CHARLOTTE BAG,CHARLOTTE BAG SUKI DESIGN,RED RETROSPOT CHARLOTTE BAG → CHARLOTTE BAG SUKI DESIGN
frozenset({'ALARM CLOCK BAKELIKE RED '}),frozenset({'ALARM CLOCK BAKELIKE PINK'}),0.05160645913101382,0.036401975473059206,0.02180789079407358,0.42258064516129035,11.608728363493315,1.0,0.019929313734534986,1.668801048063417,0.9635851376622936,0.3294216261525566,0.4007673945552325,0.5108330055074745,ALARM CLOCK BAKELIKE RED ,ALARM CLOCK BAKELIKE PINK,ALARM CLOCK BAKELIKE RED  → ALARM CLOCK BAKELIKE PINK
frozenset({'ALARM CLOCK BAKELIKE PINK'}),frozenset({'ALARM CLOCK BAKELIKE RED '}),0.036401975473059206,0.05160645913101382,0.02180789079407358,0.5990853658536586,11.608728363493313,1.0,0.019929313734534986,2.3655747635363307,0.9483808573444436,0.3294216261525566,0.5772697547275631,0.5108330055074745,ALARM CLOCK BAKELIKE PINK,ALARM CLOCK BAKELIKE RED ,ALARM CLOCK BAKELIKE PINK → ALARM CLOCK BAKELIKE RED 
frozenset({'PAPER CHAIN KIT VINTAGE CHRISTMAS'}),"frozenset({""PAPER CHAIN KIT 50'S CHRISTMAS ""})",0.04439265301592586,0.062427168303645746,0.029854059153210145,0.6725000000000001,10.772553333333335,1.0,0.027082751531939595,2.8628178067064263,0.9493140669222695,0.38788752703677004,0.6506938032670456,0.5753611111111112,PAPER CHAIN KIT VINTAGE CHRISTMAS,PAPER CHAIN KIT 50'S CHRISTMAS ,PAPER CHAIN KIT VINTAGE CHRISTMAS → PAPER CHAIN KIT 50'S CHRISTMAS 
"frozenset({""PAPER CHAIN KIT 50'S CHRISTMAS ""})",frozenset({'PAPER CHAIN KIT VINTAGE CHRISTMAS'}),0.062427168303645746,0.04439265301592586,0.029854059153210145,0.47822222222222227,10.772553333333335,1.0,0.027082751531939595,1.8314450857871953,0.9675744286498817,0.38788752703677004,0.4539830826703831,0.5753611111111112,PAPER CHAIN KIT 50'S CHRISTMAS ,PAPER CHAIN KIT VINTAGE CHRISTMAS,PAPER CHAIN KIT 50'S CHRISTMAS  → PAPER CHAIN KIT VINTAGE CHRISTMAS
frozenset({'WOODEN FRAME ANTIQUE WHITE '}),frozenset({'WOODEN PICTURE FRAME WHITE FINISH'}),0.0522723489262527,0.05970811830642029,0.029299150990511072,0.5605095541401275,9.387493192527172,1.0,0.026178067396667892,2.139504716317276,0.9427553241886633,0.35436241610738256,0.5326021053502058,0.5256079369213649,WOODEN FRAME ANTIQUE WHITE ,WOODEN PICTURE FRAME WHITE FINISH,WOODEN FRAME ANTIQUE WHITE  → WOODEN PICTURE FRAME WHITE FINISH
frozenset({'WOODEN PICTURE FRAME WHITE FINISH'}),frozenset({'WOODEN FRAME ANTIQUE WHITE '}),0.05970811830642029,0.0522723489262527,0.029299150990511072,0.49070631970260226,9.387493192527172,1.0,0.026178067396667892,1.8608667017433433,0.9502105743179806,0.35436241610738256,0.46261599551265264,0.5256079369213649,WOODEN PICTURE FRAME WHITE FINISH,WOODEN FRAME ANTIQUE WHITE ,WOODEN PICTURE FRAME WHITE FINISH → WOODEN FRAME ANTIQUE WHITE 
"frozenset({'JUMBO SHOPPER VINTAGE RED PAISLEY', 'JUMBO BAG RED RETROSPOT'})",frozenset({'JUMBO STORAGE BAG SUKI'}),0.03645746628932912,0.06270462238499529,0.021308473447644416,0.5844748858447488,9.321081343193113,1.0,0.01902242179085834,2.2556888757987474,0.9264939314098134,0.27369921596578756,0.5566764500508092,0.46214894734715317,"JUMBO BAG RED RETROSPOT, JUMBO SHOPPER VINTAGE RED PAISLEY",JUMBO STORAGE BAG SUKI,"JUMBO BAG RED RETROSPOT, JUMBO SHOPPER VINTAGE RED PAISLEY → JUMBO STORAGE BAG SUKI"
frozenset({'JUMBO BAG WOODLAND ANIMALS'}),frozenset({'JUMBO STORAGE BAG SUKI'}),0.04078574995838189,0.06270462238499529,0.023583596914710615,0.5782312925170068,9.221509842875202,1.0,0.021026141864881442,2.2222971049904143,0.929466892623068,0.29513888888888884,0.5500151632495991,0.47716874360363615,JUMBO BAG WOODLAND ANIMALS,JUMBO STORAGE BAG SUKI,JUMBO BAG WOODLAND ANIMALS → JUMBO STORAGE BAG SUKI
frozenset({'JUMBO STORAGE BAG SUKI'}),frozenset({'JUMBO BAG WOODLAND ANIMALS'}),0.06270462238499529,0.04078574995838189,0.023583596914710615,0.37610619469026546,9.221509842875202,1.0,0.021026141864881442,1.537463975244012,0.9512026940904833,0.29513888888888884,0.34957825607504767,0.47716874360363615,JUMBO STORAGE BAG SUKI,JUMBO BAG WOODLAND ANIMALS,JUMBO STORAGE BAG SUKI → JUMBO BAG WOODLAND ANIMALS
"frozenset({'JUMBO STORAGE BAG SUKI', 'JUMBO BAG RED RETROSPOT'})",frozenset({'JUMBO BAG PINK POLKADOT'}),0.03873258975639532,0.06431385605682259,0.02247378058931247,0.5802292263610315,9.021838557594606,1.0,0.0199827383870117,2.2290407115096853,0.9249849090946668,0.27892561983471076,0.5513765204751601,0.46483419903038636,"JUMBO BAG RED RETROSPOT, JUMBO STORAGE BAG SUKI",JUMBO BAG PINK POLKADOT,"JUMBO BAG RED RETROSPOT, JUMBO STORAGE BAG SUKI → JUMBO BAG PINK POLKADOT"
frozenset({'DOTCOM POSTAGE'}),frozenset({'JUMBO STORAGE BAG SUKI'}),0.03917651628655457,0.06270462238499529,0.021918872426613396,0.5594900849858357,8.922629045601544,1.0,0.019462323766505373,2.1277509215311685,0.9241295869170288,0.2741151977793199,0.5300201776999435,0.45452380355486477,DOTCOM POSTAGE,JUMBO STORAGE BAG SUKI,DOTCOM POSTAGE → JUMBO STORAGE BAG SUKI
frozenset({'JUMBO STORAGE BAG SUKI'}),frozenset({'DOTCOM POSTAGE'}),0.06270462238499529,0.03917651628655457,0.021918872426613396,0.3495575221238938,8.922629045601544,1.0,0.019462323766505373,1.4771844035322357,0.9473272036864812,0.2741151977793199,0.3230364485240942,0.45452380355486477,JUMBO STORAGE BAG SUKI,DOTCOM POSTAGE,JUMBO STORAGE BAG SUKI → DOTCOM POSTAGE
frozenset({'JUMBO BAG ALPHABET'}),frozenset({'JUMBO BAG APPLES'}),0.047056212196881414,0.049109372398867986,0.02036512957105599,0.43278301886792453,8.81263591301567,1.0,0.018054228522599188,1.6764142457500204,0.9303031134832244,0.2686676427525623,0.4034887244992337,0.42373614220232386,JUMBO BAG ALPHABET,JUMBO BAG APPLES,JUMBO BAG ALPHABET → JUMBO BAG APPLES
frozenset({'JUMBO BAG APPLES'}),frozenset({'JUMBO BAG ALPHABET'}),0.049109372398867986,0.047056212196881414,0.02036512957105599,0.4146892655367232,8.81263591301567,1.0,0.018054228522599188,1.6280989424821621,0.9323118211862402,0.2686676427525623,0.3857867148568851,0.42373614220232386,JUMBO BAG APPLES,JUMBO BAG ALPHABET,JUMBO BAG APPLES → JUMBO BAG ALPHABET
"frozenset({'JUMBO STORAGE BAG SUKI', 'JUMBO BAG RED RETROSPOT'})",frozenset({'JUMBO SHOPPER VINTAGE RED PAISLEY'}),0.03873258975639532,0.062871094833805,0.021308473447644416,0.5501432664756447,8.750336986017293,1.0,0.01887331312391122,2.0831718974713507,0.9214071730262271,0.2653766413268832,0.5199628022949784,0.4445332395926326,"JUMBO BAG RED RETROSPOT, JUMBO STORAGE BAG SUKI",JUMBO SHOPPER VINTAGE RED PAISLEY,"JUMBO BAG RED RETROSPOT, JUMBO STORAGE BAG SUKI → JUMBO SHOPPER VINTAGE RED PAISLEY"
frozenset({'60 TEATIME FAIRY CAKE CASES'}),frozenset({'PACK OF 72 RETROSPOT CAKE CASES'}),0.04178458465124022,0.06264913156872537,0.0226957438543921,0.5431606905710492,8.66988379520007,1.0,0.02007797591303201,2.0518174532812496,0.923235199668338,0.2776646300067889,0.5126272084288941,0.45271409196400114,60 TEATIME FAIRY CAKE CASES,PACK OF 72 RETROSPOT CAKE CASES,60 TEATIME FAIRY CAKE CASES → PACK OF 72 RETROSPOT CAKE CASES
frozenset({'PACK OF 72 RETROSPOT CAKE CASES'}),frozenset({'60 TEATIME FAIRY CAKE CASES'}),0.06264913156872537,0.04178458465124022,0.0226957438543921,0.36226749335695313,8.66988379520007,1.0,0.02007797591303201,1.5025350054565971,0.9437855451025848,0.2776646300067889,0.3344581015627549,0.45271409196400114,PACK OF 72 RETROSPOT CAKE CASES,60 TEATIME FAIRY CAKE CASES,PACK OF 72 RETROSPOT CAKE CASES → 60 TEATIME FAIRY CAKE CASES
"frozenset({'JUMBO SHOPPER VINTAGE RED PAISLEY', 'JUMBO BAG RED RETROSPOT'})",frozenset({'JUMBO BAG PINK POLKADOT'}),0.03645746628932912,0.06431385605682259,0.020309638754786082,0.5570776255707762,8.661860129776496,1.0,0.017964918515657707,2.112528510552122,0.9180200414651003,0.25241379310344825,0.526633607544239,0.43643354962749337,"JUMBO BAG RED RETROSPOT, JUMBO SHOPPER VINTAGE RED PAISLEY",JUMBO BAG PINK POLKADOT,"JUMBO BAG RED RETROSPOT, JUMBO SHOPPER VINTAGE RED PAISLEY → JUMBO BAG PINK POLKADOT"
frozenset({'JUMBO STORAGE BAG SKULLS'}),frozenset({'JUMBO STORAGE BAG SUKI'}),0.03795571832861661,0.06270462238499529,0.020254147938516175,0.533625730994152,8.510149821456295,1.0,0.017874148953369026,2.0097493363280976,0.9173104319607838,0.25189786059351277,0.5024255105230959,0.42831729027583704,JUMBO STORAGE BAG SKULLS,JUMBO STORAGE BAG SUKI,JUMBO STORAGE BAG SKULLS → JUMBO STORAGE BAG SUKI
frozenset({'JUMBO STORAGE BAG SUKI'}),frozenset({'JUMBO STORAGE BAG SKULLS'}),0.06270462238499529,0.03795571832861661,0.020254147938516175,0.32300884955752207,8.510149821456295,1.0,0.017874148953369026,1.4210588735799516,0.9415316416378019,0.25189786059351277,0.29629938731476646,0.42831729027583704,JUMBO STORAGE BAG SUKI,JUMBO STORAGE BAG SKULLS,JUMBO STORAGE BAG SUKI → JUMBO STORAGE BAG SKULLS
frozenset({'JUMBO BAG WOODLAND ANIMALS'}),frozenset({'JUMBO BAG PINK POLKADOT'}),0.04078574995838189,0.06431385605682259,0.02202985405915321,0.5401360544217687,8.39843989364512,1.0,0.01940676520716028,2.0347021177462588,0.9183873847329459,0.2651970607882432,0.5085275671174649,0.441336361982239,JUMBO BAG WOODLAND ANIMALS,JUMBO BAG PINK POLKADOT,JUMBO BAG WOODLAND ANIMALS → JUMBO BAG PINK POLKADOT
frozenset({'JUMBO BAG PINK POLKADOT'}),frozenset({'JUMBO BAG WOODLAND ANIMALS'}),0.06431385605682259,0.04078574995838189,0.02202985405915321,0.3425366695427093,8.39843989364512,1.0,0.01940676520716028,1.4589623566905976,0.9414805083912765,0.2651970607882432,0.3145813561164621,0.441336361982239,JUMBO BAG PINK POLKADOT,JUMBO BAG WOODLAND ANIMALS,JUMBO BAG PINK POLKADOT → JUMBO BAG WOODLAND ANIMALS
frozenset({'LUNCH BAG WOODLAND'}),frozenset({'LUNCH BAG SPACEBOY DESIGN '}),0.048277010154819375,0.05759946728816381,0.023250652017091172,0.4816091954022989,8.361348083183843,1.0,0.020469921949908303,1.8179345087789305,0.9250612522297733,0.28139691067830763,0.44992517872842425,0.4426350408610724,LUNCH BAG WOODLAND,LUNCH BAG SPACEBOY DESIGN ,LUNCH BAG WOODLAND → LUNCH BAG SPACEBOY DESIGN 
frozenset({'LUNCH BAG SPACEBOY DESIGN '}),frozenset({'LUNCH BAG WOODLAND'}),0.05759946728816381,0.048277010154819375,0.023250652017091172,0.40366088631984587,8.361348083183842,1.0,0.020469921949908303,1.5959425904027424,0.9342121849492341,0.28139691067830763,0.3734110449752167,0.4426350408610724,LUNCH BAG SPACEBOY DESIGN ,LUNCH BAG WOODLAND,LUNCH BAG SPACEBOY DESIGN  → LUNCH BAG WOODLAND
"frozenset({'JUMBO BAG RED RETROSPOT', 'JUMBO BAG PINK POLKADOT'})",frozenset({'JUMBO STORAGE BAG SUKI'}),0.04356029077187725,0.06270462238499529,0.02247378058931247,0.5159235668789809,8.227839467899216,1.0,0.019742349005481313,1.9362549248099439,0.9184702417277648,0.26821192052980136,0.4835390799080051,0.4371653232624993,"JUMBO BAG PINK POLKADOT, JUMBO BAG RED RETROSPOT",JUMBO STORAGE BAG SUKI,"JUMBO BAG PINK POLKADOT, JUMBO BAG RED RETROSPOT → JUMBO STORAGE BAG SUKI"
frozenset({'HEART OF WICKER LARGE'}),frozenset({'HEART OF WICKER SMALL'}),0.0507186060706953,0.06459131013817214,0.02680206425836524,0.5284463894967176,8.18138521058449,1.0,0.02352608304387718,1.983674112607217,0.924669244764502,0.30282131661442,0.4958849371252505,0.4716974215524825,HEART OF WICKER LARGE,HEART OF WICKER SMALL,HEART OF WICKER LARGE → HEART OF WICKER SMALL
frozenset({'HEART OF WICKER SMALL'}),frozenset({'HEART OF WICKER LARGE'}),0.06459131013817214,0.0507186060706953,0.02680206425836524,0.41494845360824734,8.18138521058449,1.0,0.02352608304387718,1.6225602680377538,0.9383826760506813,0.30282131661442,0.38369007321413606,0.4716974215524825,HEART OF WICKER SMALL,HEART OF WICKER LARGE,HEART OF WICKER SMALL → HEART OF WICKER LARGE
frozenset({'DOTCOM POSTAGE'}),frozenset({'JUMBO SHOPPER VINTAGE RED PAISLEY'}),0.03917651628655457,0.062871094833805,0.02014316630597636,0.5141643059490085,8.1780714541104,1.0,0.01768009583526628,1.9289008951817308,0.913509918707724,0.24593495934959353,0.4815700472232996,0.4172763277317858,DOTCOM POSTAGE,JUMBO SHOPPER VINTAGE RED PAISLEY,DOTCOM POSTAGE → JUMBO SHOPPER VINTAGE RED PAISLEY
frozenset({'JUMBO SHOPPER VINTAGE RED PAISLEY'}),frozenset({'DOTCOM POSTAGE'}),0.062871094833805,0.03917651628655457,0.02014316630597636,0.32038834951456313,8.1780714541104,1.0,0.01768009583526628,1.4137831260354985,0.9366073094756182,0.24593495934959353,0.2926779351199505,0.4172763277317858,JUMBO SHOPPER VINTAGE RED PAISLEY,DOTCOM POSTAGE,JUMBO SHOPPER VINTAGE RED PAISLEY → DOTCOM POSTAGE
frozenset({'JUMBO BAG WOODLAND ANIMALS'}),frozenset({'JUMBO SHOPPER VINTAGE RED PAISLEY'}),0.04078574995838189,0.062871094833805,0.020753565284945343,0.508843537414966,8.093441648504063,1.0,0.018189320531444057,1.9080048346181533,0.913709496294179,0.250334672021419,0.4758923133440966,0.41947031239680344,JUMBO BAG WOODLAND ANIMALS,JUMBO SHOPPER VINTAGE RED PAISLEY,JUMBO BAG WOODLAND ANIMALS → JUMBO SHOPPER VINTAGE RED PAISLEY
frozenset({'JUMBO SHOPPER VINTAGE RED PAISLEY'}),frozenset({'JUMBO BAG WOODLAND ANIMALS'}),0.062871094833805,0.04078574995838189,0.020753565284945343,0.33009708737864085,8.093441648504063,1.0,0.018189320531444057,1.431870547163575,0.9352429152617939,0.250334672021419,0.30161284343691347,0.41947031239680344,JUMBO SHOPPER VINTAGE RED PAISLEY,JUMBO BAG WOODLAND ANIMALS,JUMBO SHOPPER VINTAGE RED PAISLEY → JUMBO BAG WOODLAND ANIMALS
frozenset({'LUNCH BAG APPLE DESIGN'}),frozenset({'LUNCH BAG SUKI DESIGN '}),0.05077409688696521,0.05665612341157539,0.023195161200821265,0.4568306010928962,8.063216711356594,1.0,0.02031849770148208,1.7367397325521299,0.922836191112327,0.2753623188405797,0.42420848601735783,0.43311657380795643,LUNCH BAG APPLE DESIGN,LUNCH BAG SUKI DESIGN ,LUNCH BAG APPLE DESIGN → LUNCH BAG SUKI DESIGN 
frozenset({'LUNCH BAG SUKI DESIGN '}),frozenset({'LUNCH BAG APPLE DESIGN'}),0.05665612341157539,0.05077409688696521,0.023195161200821265,0.40940254652301666,8.063216711356594,1.0,0.02031849770148208,1.6072299288199146,0.9285903461863215,0.2753623188405797,0.37781148666498793,0.43311657380795643,LUNCH BAG SUKI DESIGN ,LUNCH BAG APPLE DESIGN,LUNCH BAG SUKI DESIGN  → LUNCH BAG APPLE DESIGN
frozenset({'LUNCH BAG PINK POLKADOT'}),frozenset({'LUNCH BAG CARS BLUE'}),0.05582376116752678,0.05909771932745131,0.026080683646856444,0.46719681908548705,7.905496597877523,1.0,0.02278162667757527,1.7659471909637758,0.925151149486373,0.29356652092442226,0.4337316511405733,0.45425568653804865,LUNCH BAG PINK POLKADOT,LUNCH BAG CARS BLUE,LUNCH BAG PINK POLKADOT → LUNCH BAG CARS BLUE
frozenset({'LUNCH BAG CARS BLUE'}),frozenset({'LUNCH BAG PINK POLKADOT'}),0.05909771932745131,0.05582376116752678,0.026080683646856444,0.44131455399061026,7.905496597877522,1.0,0.02278162667757527,1.6899961249690485,0.9283703001008868,0.29356652092442226,0.4082826669094791,0.45425568653804865,LUNCH BAG CARS BLUE,LUNCH BAG PINK POLKADOT,LUNCH BAG CARS BLUE → LUNCH BAG PINK POLKADOT
frozenset({'LUNCH BAG WOODLAND'}),frozenset({'LUNCH BAG CARS BLUE'}),0.048277010154819375,0.05909771932745131,0.02247378058931247,0.4655172413793104,7.877076250607091,1.0,0.01962071939321444,1.7603978154518654,0.9173355619043917,0.2647058823529412,0.43194657978866197,0.42289946576007775,LUNCH BAG WOODLAND,LUNCH BAG CARS BLUE,LUNCH BAG WOODLAND → LUNCH BAG CARS BLUE
frozenset({'LUNCH BAG CARS BLUE'}),frozenset({'LUNCH BAG WOODLAND'}),0.05909771932745131,0.048277010154819375,0.02247378058931247,0.38028169014084506,7.877076250607091,1.0,0.01962071939321444,1.535734824522905,0.9278852454719405,0.2647058823529412,0.34884591790730385,0.42289946576007775,LUNCH BAG CARS BLUE,LUNCH BAG WOODLAND,LUNCH BAG CARS BLUE → LUNCH BAG WOODLAND
frozenset({'JUMBO BAG PINK VINTAGE PAISLEY'}),frozenset({'JUMBO SHOPPER VINTAGE RED PAISLEY'}),0.04522501525997447,0.062871094833805,0.02225181732423284,0.4920245398773006,7.825926066309651,1.0,0.019408471100962707,1.8448310572716158,0.9135341931118967,0.2592113768584357,0.4579449451165819,0.42297608282479326,JUMBO BAG PINK VINTAGE PAISLEY,JUMBO SHOPPER VINTAGE RED PAISLEY,JUMBO BAG PINK VINTAGE PAISLEY → JUMBO SHOPPER VINTAGE RED PAISLEY
frozenset({'JUMBO SHOPPER VINTAGE RED PAISLEY'}),frozenset({'JUMBO BAG PINK VINTAGE PAISLEY'}),0.062871094833805,0.04522501525997447,0.02225181732423284,0.353927625772286,7.825926066309651,1.0,0.019408471100962707,1.4778142864896844,0.9307359857107587,0.2592113768584357,0.32332498802989457,0.42297608282479326,JUMBO SHOPPER VINTAGE RED PAISLEY,JUMBO BAG PINK VINTAGE PAISLEY,JUMBO SHOPPER VINTAGE RED PAISLEY → JUMBO BAG PINK VINTAGE PAISLEY
frozenset({'PACK OF 60 PINK PAISLEY CAKE CASES'}),frozenset({'PACK OF 72 RETROSPOT CAKE CASES'}),0.04333832750679763,0.06264913156872537,0.021031019366294878,0.48527528809218945,7.745922025429006,1.0,0.018315910784353004,1.8210722095642422,0.9103529865502696,0.24755062050947096,0.4508729556422772,0.41048529683617446,PACK OF 60 PINK PAISLEY CAKE CASES,PACK OF 72 RETROSPOT CAKE CASES,PACK OF 60 PINK PAISLEY CAKE CASES → PACK OF 72 RETROSPOT CAKE CASES
frozenset({'PACK OF 72 RETROSPOT CAKE CASES'}),frozenset({'PACK OF 60 PINK PAISLEY CAKE CASES'}),0.06264913156872537,0.04333832750679763,0.021031019366294878,0.3356953055801595,7.745922025429006,1.0,0.018315910784353004,1.440094704326434,0.9291075946084922,0.24755062050947096,0.30560122400580364,0.41048529683617446,PACK OF 72 RETROSPOT CAKE CASES,PACK OF 60 PINK PAISLEY CAKE CASES,PACK OF 72 RETROSPOT CAKE CASES → PACK OF 60 PINK PAISLEY CAKE CASES
frozenset({'LUNCH BAG PINK POLKADOT'}),frozenset({'LUNCH BAG  BLACK SKULL.'}),0.05582376116752678,0.06747683258420731,0.028966206092891626,0.5188866799204771,7.689849390499111,1.0,0.025199395506369647,1.9382609636782797,0.9213941271111921,0.30705882352941183,0.48407360064545774,0.47408149785497544,LUNCH BAG PINK POLKADOT,LUNCH BAG  BLACK SKULL.,LUNCH BAG PINK POLKADOT → LUNCH BAG  BLACK SKULL.
frozenset({'LUNCH BAG  BLACK SKULL.'}),frozenset({'LUNCH BAG PINK POLKADOT'}),0.06747683258420731,0.05582376116752678,0.028966206092891626,0.42927631578947373,7.689849390499111,1.0,0.025199395506369647,1.6543491446978205,0.9329081269144263,0.30705882352941183,0.3955326762763506,0.47408149785497544,LUNCH BAG  BLACK SKULL.,LUNCH BAG PINK POLKADOT,LUNCH BAG  BLACK SKULL. → LUNCH BAG PINK POLKADOT
frozenset({'JAM MAKING SET WITH JARS'}),frozenset({'JAM MAKING SET PRINTED'}),0.05543532545363742,0.05593474280006659,0.02330614283336108,0.4204204204204205,7.516266266266268,1.0,0.020205382162073886,1.6288794334071393,0.9178357419809658,0.2646502835538752,0.386081020184353,0.4185435435435436,JAM MAKING SET WITH JARS,JAM MAKING SET PRINTED,JAM MAKING SET WITH JARS → JAM MAKING SET PRINTED
frozenset({'JAM MAKING SET PRINTED'}),frozenset({'JAM MAKING SET WITH JARS'}),0.05593474280006659,0.05543532545363742,0.02330614283336108,0.4166666666666667,7.516266266266267,1.0,0.020205382162073886,1.6192537277937646,0.918321283724211,0.2646502835538752,0.3824315591587357,0.4185435435435436,JAM MAKING SET PRINTED,JAM MAKING SET WITH JARS,JAM MAKING SET PRINTED → JAM MAKING SET WITH JARS
"frozenset({'JUMBO SHOPPER VINTAGE RED PAISLEY', 'JUMBO BAG PINK POLKADOT'})",frozenset({'JUMBO BAG RED RETROSPOT'}),0.02519283058653793,0.10737472948227068,0.020309638754786082,0.8061674008810572,7.507980739678311,1.0,0.0176045653856639,4.605134918352829,0.8892101154642601,0.1809194265941671,0.7828510960635044,0.49765734385138133,"JUMBO BAG PINK POLKADOT, JUMBO SHOPPER VINTAGE RED PAISLEY",JUMBO BAG RED RETROSPOT,"JUMBO BAG PINK POLKADOT, JUMBO SHOPPER VINTAGE RED PAISLEY → JUMBO BAG RED RETROSPOT"
frozenset({'LUNCH BAG WOODLAND'}),frozenset({'LUNCH BAG PINK POLKADOT'}),0.048277010154819375,0.05582376116752678,0.020198657122246267,0.41839080459770117,7.494851580174128,1.0,0.017503652837481364,1.6233860232890351,0.9105328814966737,0.2407407407407407,0.38400356683251086,0.3901099152213158,LUNCH BAG WOODLAND,LUNCH BAG PINK POLKADOT,LUNCH BAG WOODLAND → LUNCH BAG PINK POLKADOT
frozenset({'LUNCH BAG PINK POLKADOT'}),frozenset({'LUNCH BAG WOODLAND'}),0.05582376116752678,0.048277010154819375,0.020198657122246267,0.3618290258449304,7.494851580174127,1.0,0.017503652837481364,1.4913291710035073,0.9178107229238582,0.2407407407407407,0.32945722551171885,0.3901099152213158,LUNCH BAG PINK POLKADOT,LUNCH BAG WOODLAND,LUNCH BAG PINK POLKADOT → LUNCH BAG WOODLAND
"frozenset({'JUMBO STORAGE BAG SUKI', 'JUMBO BAG PINK POLKADOT'})",frozenset({'JUMBO BAG RED RETROSPOT'}),0.0280228622163032,0.10737472948227068,0.02247378058931247,0.801980198019802,7.468984572875892,1.0,0.01946483333951797,4.507757616114534,0.8910837075943265,0.19901719901719905,0.7781602106499349,0.5056412618005987,"JUMBO BAG PINK POLKADOT, JUMBO STORAGE BAG SUKI",JUMBO BAG RED RETROSPOT,"JUMBO BAG PINK POLKADOT, JUMBO STORAGE BAG SUKI → JUMBO BAG RED RETROSPOT"
"frozenset({'JUMBO BAG RED RETROSPOT', 'JUMBO BAG PINK POLKADOT'})",frozenset({'JUMBO SHOPPER VINTAGE RED PAISLEY'}),0.04356029077187725,0.062871094833805,0.020309638754786082,0.4662420382165605,7.415840927361551,1.0,0.017570955582679265,1.7557188318746135,0.904556259804425,0.2358247422680413,0.4304327197241022,0.3946391126652088,"JUMBO BAG PINK POLKADOT, JUMBO BAG RED RETROSPOT",JUMBO SHOPPER VINTAGE RED PAISLEY,"JUMBO BAG PINK POLKADOT, JUMBO BAG RED RETROSPOT → JUMBO SHOPPER VINTAGE RED PAISLEY"
frozenset({'LUNCH BAG SPACEBOY DESIGN '}),frozenset({'LUNCH BAG CARS BLUE'}),0.05759946728816381,0.05909771932745131,0.02519283058653793,0.43737957610789985,7.400955249803252,1.0,0.02178883343533131,1.6723571358529203,0.9177438646212939,0.2753183747725894,0.4020415983156678,0.4318353279600532,LUNCH BAG SPACEBOY DESIGN ,LUNCH BAG CARS BLUE,LUNCH BAG SPACEBOY DESIGN  → LUNCH BAG CARS BLUE
frozenset({'LUNCH BAG CARS BLUE'}),frozenset({'LUNCH BAG SPACEBOY DESIGN '}),0.05909771932745131,0.05759946728816381,0.02519283058653793,0.4262910798122066,7.400955249803252,1.0,0.02178883343533131,1.642645773057456,0.9192052402019011,0.2753183747725894,0.39122602304043896,0.4318353279600532,LUNCH BAG CARS BLUE,LUNCH BAG SPACEBOY DESIGN ,LUNCH BAG CARS BLUE → LUNCH BAG SPACEBOY DESIGN 
frozenset({'LUNCH BAG SUKI DESIGN '}),frozenset({'LUNCH BAG CARS BLUE'}),0.05665612341157539,0.05909771932745131,0.024637922423838856,0.4348677766895201,7.3584527734477385,1.0,0.021289674744280132,1.6649241396302812,0.9159988076311606,0.27040194884287455,0.39937203371796665,0.42588459257011213,LUNCH BAG SUKI DESIGN ,LUNCH BAG CARS BLUE,LUNCH BAG SUKI DESIGN  → LUNCH BAG CARS BLUE
frozenset({'LUNCH BAG CARS BLUE'}),frozenset({'LUNCH BAG SUKI DESIGN '}),0.05909771932745131,0.05665612341157539,0.024637922423838856,0.4169014084507042,7.358452773447738,1.0,0.021289674744280132,1.6178119622651725,0.9183757802388377,0.27040194884287455,0.38188119304059653,0.42588459257011213,LUNCH BAG CARS BLUE,LUNCH BAG SUKI DESIGN ,LUNCH BAG CARS BLUE → LUNCH BAG SUKI DESIGN 
frozenset({'JUMBO STORAGE BAG SUKI'}),frozenset({'JUMBO  BAG BAROQUE BLACK WHITE'}),0.06270462238499529,0.05049664280561567,0.023250652017091172,0.37079646017699114,7.342992317417096,1.0,0.020084279098255053,1.509055968536785,0.9216046053532343,0.2584824182603331,0.33733405463441984,0.4156180103082758,JUMBO STORAGE BAG SUKI,JUMBO  BAG BAROQUE BLACK WHITE,JUMBO STORAGE BAG SUKI → JUMBO  BAG BAROQUE BLACK WHITE
frozenset({'JUMBO  BAG BAROQUE BLACK WHITE'}),frozenset({'JUMBO STORAGE BAG SUKI'}),0.05049664280561567,0.06270462238499529,0.023250652017091172,0.4604395604395604,7.342992317417095,1.0,0.020084279098255053,1.7371462192049982,0.9097553263410368,0.2584824182603331,0.4243432193879177,0.4156180103082758,JUMBO  BAG BAROQUE BLACK WHITE,JUMBO STORAGE BAG SUKI,JUMBO  BAG BAROQUE BLACK WHITE → JUMBO STORAGE BAG SUKI
frozenset({'LUNCH BAG SUKI DESIGN '}),frozenset({'LUNCH BAG  BLACK SKULL.'}),0.05665612341157539,0.06747683258420731,0.027689917318683758,0.4887365328109696,7.243027185679675,1.0,0.0238669415643707,1.823958149294108,0.913703053165154,0.28711162255466055,0.4517418064734593,0.44954918745811645,LUNCH BAG SUKI DESIGN ,LUNCH BAG  BLACK SKULL.,LUNCH BAG SUKI DESIGN  → LUNCH BAG  BLACK SKULL.
frozenset({'LUNCH BAG  BLACK SKULL.'}),frozenset({'LUNCH BAG SUKI DESIGN '}),0.06747683258420731,0.05665612341157539,0.027689917318683758,0.4103618421052632,7.243027185679675,1.0,0.0238669415643707,1.5998691128752085,0.9243053795779599,0.28711162255466055,0.3749488680340558,0.44954918745811645,LUNCH BAG  BLACK SKULL.,LUNCH BAG SUKI DESIGN ,LUNCH BAG  BLACK SKULL. → LUNCH BAG SUKI DESIGN 
frozenset({'JUMBO  BAG BAROQUE BLACK WHITE'}),frozenset({'JUMBO SHOPPER VINTAGE RED PAISLEY'}),0.05049664280561567,0.062871094833805,0.022973197935741634,0.45494505494505494,7.236156076932777,1.0,0.019798418717120993,1.7193292413331398,0.9076377401660146,0.2541436464088398,0.418377832494365,0.4101733218238073,JUMBO  BAG BAROQUE BLACK WHITE,JUMBO SHOPPER VINTAGE RED PAISLEY,JUMBO  BAG BAROQUE BLACK WHITE → JUMBO SHOPPER VINTAGE RED PAISLEY
frozenset({'JUMBO SHOPPER VINTAGE RED PAISLEY'}),frozenset({'JUMBO  BAG BAROQUE BLACK WHITE'}),0.062871094833805,0.05049664280561567,0.022973197935741634,0.3654015887025596,7.236156076932777,1.0,0.019798418717120993,1.4962271261491482,0.9196227719079036,0.2541436464088398,0.33165227222306276,0.4101733218238073,JUMBO SHOPPER VINTAGE RED PAISLEY,JUMBO  BAG BAROQUE BLACK WHITE,JUMBO SHOPPER VINTAGE RED PAISLEY → JUMBO  BAG BAROQUE BLACK WHITE
frozenset({'LUNCH BAG SUKI DESIGN '}),frozenset({'LUNCH BAG SPACEBOY DESIGN '}),0.05665612341157539,0.05759946728816381,0.023583596914710615,0.41625857002938293,7.226778121868507,1.0,0.020320234387591406,1.6144143354006455,0.9133739792387543,0.2600979192166462,0.380580326826798,0.412849901585019,LUNCH BAG SUKI DESIGN ,LUNCH BAG SPACEBOY DESIGN ,LUNCH BAG SUKI DESIGN  → LUNCH BAG SPACEBOY DESIGN 
frozenset({'LUNCH BAG SPACEBOY DESIGN '}),frozenset({'LUNCH BAG SUKI DESIGN '}),0.05759946728816381,0.05665612341157539,0.023583596914710615,0.4094412331406551,7.226778121868507,1.0,0.020320234387591406,1.59737511239606,0.9142882675062605,0.2600979192166462,0.37397296837810273,0.412849901585019,LUNCH BAG SPACEBOY DESIGN ,LUNCH BAG SUKI DESIGN ,LUNCH BAG SPACEBOY DESIGN  → LUNCH BAG SUKI DESIGN 
frozenset({'SET OF 6 SPICE TINS PANTRY DESIGN'}),frozenset({'SET OF 3 CAKE TINS PANTRY DESIGN '}),0.04272792852782865,0.068864102990955,0.02125298263137451,0.4974025974025974,7.222959071548918,1.0,0.018310562160643952,1.8526476503797535,0.9000080670390622,0.2352579852579853,0.4602319551723604,0.4030123381855856,SET OF 6 SPICE TINS PANTRY DESIGN,SET OF 3 CAKE TINS PANTRY DESIGN ,SET OF 6 SPICE TINS PANTRY DESIGN → SET OF 3 CAKE TINS PANTRY DESIGN 
frozenset({'SET OF 3 CAKE TINS PANTRY DESIGN '}),frozenset({'SET OF 6 SPICE TINS PANTRY DESIGN'}),0.068864102990955,0.04272792852782865,0.02125298263137451,0.30862207896857374,7.222959071548918,1.0,0.018310562160643952,1.3845858283181405,0.9252705103987403,0.2352579852579853,0.27776236073808286,0.4030123381855856,SET OF 3 CAKE TINS PANTRY DESIGN ,SET OF 6 SPICE TINS PANTRY DESIGN,SET OF 3 CAKE TINS PANTRY DESIGN  → SET OF 6 SPICE TINS PANTRY DESIGN
frozenset({'JUMBO STORAGE BAG SUKI'}),frozenset({'JUMBO SHOPPER VINTAGE RED PAISLEY'}),0.06270462238499529,0.062871094833805,0.02846678874646246,0.4539823008849557,7.220842934022761,1.0,0.02452448048597749,1.7162976707257702,0.9191467640875453,0.2931428571428572,0.41735048817194387,0.4533812651821072,JUMBO STORAGE BAG SUKI,JUMBO SHOPPER VINTAGE RED PAISLEY,JUMBO STORAGE BAG SUKI → JUMBO SHOPPER VINTAGE RED PAISLEY
frozenset({'JUMBO SHOPPER VINTAGE RED PAISLEY'}),frozenset({'JUMBO STORAGE BAG SUKI'}),0.062871094833805,0.06270462238499529,0.02846678874646246,0.45278022947925867,7.220842934022761,1.0,0.02452448048597749,1.7128317142545169,0.919310042172118,0.2931428571428572,0.4161714827686768,0.4533812651821072,JUMBO SHOPPER VINTAGE RED PAISLEY,JUMBO STORAGE BAG SUKI,JUMBO SHOPPER VINTAGE RED PAISLEY → JUMBO STORAGE BAG SUKI
frozenset({'LUNCH BAG  BLACK SKULL.'}),frozenset({'LUNCH BAG WOODLAND'}),0.06747683258420731,0.048277010154819375,0.023361633649630988,0.34621710526315796,7.171469487295828,1.0,0.020104053917748166,1.4557171769204273,0.9228280803770511,0.2528528528528529,0.31305337612660306,0.41506257562008475,LUNCH BAG  BLACK SKULL.,LUNCH BAG WOODLAND,LUNCH BAG  BLACK SKULL. → LUNCH BAG WOODLAND
frozenset({'LUNCH BAG WOODLAND'}),frozenset({'LUNCH BAG  BLACK SKULL.'}),0.048277010154819375,0.06747683258420731,0.023361633649630988,0.48390804597701154,7.171469487295827,1.0,0.020104053917748166,1.8068934424314915,0.9042111766507109,0.2528528528528529,0.44656393314797527,0.41506257562008475,LUNCH BAG WOODLAND,LUNCH BAG  BLACK SKULL.,LUNCH BAG WOODLAND → LUNCH BAG  BLACK SKULL.
frozenset({'LUNCH BAG RED RETROSPOT'}),frozenset({'LUNCH BAG PINK POLKADOT'}),0.07724321624771101,0.05582376116752678,0.03074191221352866,0.3979885057471264,7.129374614382669,1.0,0.026429905357904817,1.5683691222611011,0.9317029772484371,0.30043383947939256,0.3623949963014378,0.47434216539841406,LUNCH BAG RED RETROSPOT,LUNCH BAG PINK POLKADOT,LUNCH BAG RED RETROSPOT → LUNCH BAG PINK POLKADOT
frozenset({'LUNCH BAG PINK POLKADOT'}),frozenset({'LUNCH BAG RED RETROSPOT'}),0.05582376116752678,0.07724321624771101,0.03074191221352866,0.5506958250497017,7.129374614382668,1.0,0.026429905357904817,2.0537462930415984,0.9105664889018078,0.30043383947939256,0.5130849397570915,0.47434216539841406,LUNCH BAG PINK POLKADOT,LUNCH BAG RED RETROSPOT,LUNCH BAG PINK POLKADOT → LUNCH BAG RED RETROSPOT
frozenset({'LUNCH BAG CARS BLUE'}),frozenset({'LUNCH BAG  BLACK SKULL.'}),0.05909771932745131,0.06747683258420731,0.02791188058376339,0.4723004694835681,6.999446349147517,1.0,0.023924153670596485,1.7671479951918492,0.9109676688629723,0.2829021372328459,0.43411643918853793,0.44297589263652093,LUNCH BAG CARS BLUE,LUNCH BAG  BLACK SKULL.,LUNCH BAG CARS BLUE → LUNCH BAG  BLACK SKULL.
frozenset({'LUNCH BAG  BLACK SKULL.'}),frozenset({'LUNCH BAG CARS BLUE'}),0.06747683258420731,0.05909771932745131,0.02791188058376339,0.41365131578947373,6.999446349147517,1.0,0.023924153670596485,1.604680467458372,0.9191530968902445,0.2829021372328459,0.3768229748668381,0.44297589263652093,LUNCH BAG  BLACK SKULL.,LUNCH BAG CARS BLUE,LUNCH BAG  BLACK SKULL. → LUNCH BAG CARS BLUE
"frozenset({'JUMBO STORAGE BAG SUKI', 'JUMBO SHOPPER VINTAGE RED PAISLEY'})",frozenset({'JUMBO BAG RED RETROSPOT'}),0.02846678874646246,0.10737472948227068,0.021308473447644416,0.7485380116959065,6.971267963189629,1.0,0.018251859706764063,3.5497423548495757,0.8816518698594928,0.186046511627907,0.7182894136996103,0.47349381204950364,"JUMBO SHOPPER VINTAGE RED PAISLEY, JUMBO STORAGE BAG SUKI",JUMBO BAG RED RETROSPOT,"JUMBO SHOPPER VINTAGE RED PAISLEY, JUMBO STORAGE BAG SUKI → JUMBO BAG RED RETROSPOT"
frozenset({'JUMBO  BAG BAROQUE BLACK WHITE'}),frozenset({'JUMBO BAG PINK POLKADOT'}),0.05049664280561567,0.06431385605682259,0.022584762221852284,0.4472527472527473,6.954220671476928,1.0,0.019337128405099133,1.692792029797796,0.9017371327581135,0.24488567990373045,0.40925997854594703,0.39920877224587326,JUMBO  BAG BAROQUE BLACK WHITE,JUMBO BAG PINK POLKADOT,JUMBO  BAG BAROQUE BLACK WHITE → JUMBO BAG PINK POLKADOT
frozenset({'JUMBO BAG PINK POLKADOT'}),frozenset({'JUMBO  BAG BAROQUE BLACK WHITE'}),0.06431385605682259,0.05049664280561567,0.022584762221852284,0.3511647972389992,6.954220671476928,1.0,0.019337128405099133,1.4633967965269834,0.9150530232845498,0.24488567990373045,0.3166583373878794,0.39920877224587326,JUMBO BAG PINK POLKADOT,JUMBO  BAG BAROQUE BLACK WHITE,JUMBO BAG PINK POLKADOT → JUMBO  BAG BAROQUE BLACK WHITE
frozenset({'JUMBO BAG PINK POLKADOT'}),frozenset({'JUMBO STORAGE BAG SUKI'}),0.06431385605682259,0.06270462238499529,0.0280228622163032,0.4357204486626402,6.94877717287561,1.0,0.0239900861581372,1.6610479245501384,0.9149326331043732,0.2830717488789238,0.39797041059436616,0.4413115517649484,JUMBO BAG PINK POLKADOT,JUMBO STORAGE BAG SUKI,JUMBO BAG PINK POLKADOT → JUMBO STORAGE BAG SUKI
frozenset({'JUMBO STORAGE BAG SUKI'}),frozenset({'JUMBO BAG PINK POLKADOT'}),0.06270462238499529,0.06431385605682259,0.0280228622163032,0.44690265486725655,6.948777172875609,1.0,0.0239900861581372,1.6917205482492645,0.9133617938195454,0.2830717488789238,0.40888582275903396,0.4413115517649484,JUMBO STORAGE BAG SUKI,JUMBO BAG PINK POLKADOT,JUMBO STORAGE BAG SUKI → JUMBO BAG PINK POLKADOT
frozenset({'JUMBO BAG PINK VINTAGE PAISLEY'}),frozenset({'JUMBO BAG PINK POLKADOT'}),0.04522501525997447,0.06431385605682259,0.020198657122246267,0.4466257668711656,6.944471910945018,1.0,0.017290062000648664,1.690874073866274,0.89654691757156,0.2260869565217391,0.40858990302367904,0.3803448075080591,JUMBO BAG PINK VINTAGE PAISLEY,JUMBO BAG PINK POLKADOT,JUMBO BAG PINK VINTAGE PAISLEY → JUMBO BAG PINK POLKADOT
frozenset({'JUMBO BAG PINK POLKADOT'}),frozenset({'JUMBO BAG PINK VINTAGE PAISLEY'}),0.06431385605682259,0.04522501525997447,0.020198657122246267,0.31406384814495253,6.944471910945018,1.0,0.017290062000648664,1.391929820520364,0.9148372828689517,0.2260869565217391,0.28157297497501976,0.3803448075080591,JUMBO BAG PINK POLKADOT,JUMBO BAG PINK VINTAGE PAISLEY,JUMBO BAG PINK POLKADOT → JUMBO BAG PINK VINTAGE PAISLEY
frozenset({'LUNCH BAG SPACEBOY DESIGN '}),frozenset({'LUNCH BAG  BLACK SKULL.'}),0.05759946728816381,0.06747683258420731,0.02680206425836524,0.4653179190751445,6.895965641162155,1.0,0.022915434647222285,1.7440703563560231,0.9072444750194111,0.2727272727272727,0.42662863550450336,0.4312609332217828,LUNCH BAG SPACEBOY DESIGN ,LUNCH BAG  BLACK SKULL.,LUNCH BAG SPACEBOY DESIGN  → LUNCH BAG  BLACK SKULL.
frozenset({'LUNCH BAG  BLACK SKULL.'}),frozenset({'LUNCH BAG SPACEBOY DESIGN '}),0.06747683258420731,0.05759946728816381,0.02680206425836524,0.3972039473684211,6.895965641162155,1.0,0.022915434647222285,1.5633820569953516,0.9168540862394918,0.2727272727272727,0.360361086705901,0.4312609332217828,LUNCH BAG  BLACK SKULL.,LUNCH BAG SPACEBOY DESIGN ,LUNCH BAG  BLACK SKULL. → LUNCH BAG SPACEBOY DESIGN 
frozenset({'LUNCH BAG SUKI DESIGN '}),frozenset({'LUNCH BAG PINK POLKADOT'}),0.05665612341157539,0.05582376116752678,0.021641418345263858,0.3819784524975514,6.842578223119656,1.0,0.018478660443258153,1.5277399997590413,0.9051378582202112,0.23824068417837507,0.3454383598271157,0.3848262043799884,LUNCH BAG SUKI DESIGN ,LUNCH BAG PINK POLKADOT,LUNCH BAG SUKI DESIGN  → LUNCH BAG PINK POLKADOT
frozenset({'LUNCH BAG PINK POLKADOT'}),frozenset({'LUNCH BAG SUKI DESIGN '}),0.05582376116752678,0.05665612341157539,0.021641418345263858,0.3876739562624254,6.842578223119655,1.0,0.018478660443258153,1.5405908114414855,0.9043399112397056,0.23824068417837507,0.3508983744591276,0.3848262043799884,LUNCH BAG PINK POLKADOT,LUNCH BAG SUKI DESIGN ,LUNCH BAG PINK POLKADOT → LUNCH BAG SUKI DESIGN 
frozenset({'LUNCH BAG PINK POLKADOT'}),frozenset({'LUNCH BAG SPACEBOY DESIGN '}),0.05582376116752678,0.05759946728816381,0.02186338161034349,0.39165009940357853,6.799543777795654,1.0,0.01864796270507226,1.549109372398868,0.9033602778080255,0.2387878787878788,0.35446778786739025,0.38561310365169293,LUNCH BAG PINK POLKADOT,LUNCH BAG SPACEBOY DESIGN ,LUNCH BAG PINK POLKADOT → LUNCH BAG SPACEBOY DESIGN 
frozenset({'LUNCH BAG SPACEBOY DESIGN '}),frozenset({'LUNCH BAG PINK POLKADOT'}),0.05759946728816381,0.05582376116752678,0.02186338161034349,0.37957610789980734,6.7995437777956536,1.0,0.01864796270507226,1.5218244346399181,0.9050624228289204,0.2387878787878788,0.34289397828165896,0.38561310365169293,LUNCH BAG SPACEBOY DESIGN ,LUNCH BAG PINK POLKADOT,LUNCH BAG SPACEBOY DESIGN  → LUNCH BAG PINK POLKADOT
frozenset({'LUNCH BAG WOODLAND'}),frozenset({'LUNCH BAG RED RETROSPOT'}),0.048277010154819375,0.07724321624771101,0.025303812219077744,0.5241379310344828,6.785552913198574,1.0,0.02157474068389609,1.9391265745519117,0.8958784051259863,0.25249169435215946,0.4843039061382172,0.42586206896551726,LUNCH BAG WOODLAND,LUNCH BAG RED RETROSPOT,LUNCH BAG WOODLAND → LUNCH BAG RED RETROSPOT
frozenset({'LUNCH BAG RED RETROSPOT'}),frozenset({'LUNCH BAG WOODLAND'}),0.07724321624771101,0.048277010154819375,0.025303812219077744,0.3275862068965517,6.785552913198574,1.0,0.02157474068389609,1.415382907974884,0.9240008735531775,0.25249169435215946,0.29347740857575405,0.42586206896551726,LUNCH BAG RED RETROSPOT,LUNCH BAG WOODLAND,LUNCH BAG RED RETROSPOT → LUNCH BAG WOODLAND
frozenset({'LUNCH BAG RED RETROSPOT'}),frozenset({'LUNCH BAG SUKI DESIGN '}),0.07724321624771101,0.05665612341157539,0.028633261195272184,0.3706896551724138,6.542799486642575,1.0,0.024256960002834865,1.4990121874555788,0.9180753153289225,0.27200843437005795,0.33289401622718057,0.43803826539227936,LUNCH BAG RED RETROSPOT,LUNCH BAG SUKI DESIGN ,LUNCH BAG RED RETROSPOT → LUNCH BAG SUKI DESIGN 
frozenset({'LUNCH BAG SUKI DESIGN '}),frozenset({'LUNCH BAG RED RETROSPOT'}),0.05665612341157539,0.07724321624771101,0.028633261195272184,0.5053868756121449,6.542799486642574,1.0,0.024256960002834865,1.8656132202199742,0.8980396716826267,0.27200843437005795,0.46398321519071883,0.43803826539227936,LUNCH BAG SUKI DESIGN ,LUNCH BAG RED RETROSPOT,LUNCH BAG SUKI DESIGN  → LUNCH BAG RED RETROSPOT
frozenset({'JUMBO BAG APPLES'}),frozenset({'JUMBO STORAGE BAG SUKI'}),0.049109372398867986,0.06270462238499529,0.020032184673436548,0.40790960451977404,6.505255737213139,1.0,0.01695280002160142,1.583027498452823,0.8899847335055906,0.21825876662636035,0.36829903398560465,0.3636893155342233,JUMBO BAG APPLES,JUMBO STORAGE BAG SUKI,JUMBO BAG APPLES → JUMBO STORAGE BAG SUKI
frozenset({'JUMBO STORAGE BAG SUKI'}),frozenset({'JUMBO BAG APPLES'}),0.06270462238499529,0.049109372398867986,0.020032184673436548,0.31946902654867254,6.505255737213139,1.0,0.01695280002160142,1.3972775152006232,0.9028937536766207,0.21825876662636035,0.2843225564562108,0.3636893155342233,JUMBO STORAGE BAG SUKI,JUMBO BAG APPLES,JUMBO STORAGE BAG SUKI → JUMBO BAG APPLES
frozenset({'LUNCH BAG  BLACK SKULL.'}),frozenset({'LUNCH BAG RED RETROSPOT'}),0.06747683258420731,0.07724321624771101,0.03368292547583375,0.4991776315789474,6.462413863997278,1.0,0.02847079790482123,1.8424831675579365,0.9064215119941063,0.3033483258370815,0.4572542004139883,0.467620424984876,LUNCH BAG  BLACK SKULL.,LUNCH BAG RED RETROSPOT,LUNCH BAG  BLACK SKULL. → LUNCH BAG RED RETROSPOT
frozenset({'LUNCH BAG RED RETROSPOT'}),frozenset({'LUNCH BAG  BLACK SKULL.'}),0.07724321624771101,0.06747683258420731,0.03368292547583375,0.4360632183908046,6.462413863997278,1.0,0.02847079790482123,1.6535952217105523,0.9160150044537226,0.3033483258370815,0.3952570817388093,0.467620424984876,LUNCH BAG RED RETROSPOT,LUNCH BAG  BLACK SKULL.,LUNCH BAG RED RETROSPOT → LUNCH BAG  BLACK SKULL.
frozenset({'LUNCH BAG  BLACK SKULL.'}),frozenset({'LUNCH BAG APPLE DESIGN'}),0.06747683258420731,0.05077409688696521,0.02202985405915321,0.3264802631578948,6.430055543572046,1.0,0.01860377882389714,1.4093512798357148,0.9055864535938613,0.22895040369088815,0.2904536900718124,0.3801800222893299,LUNCH BAG  BLACK SKULL.,LUNCH BAG APPLE DESIGN,LUNCH BAG  BLACK SKULL. → LUNCH BAG APPLE DESIGN
frozenset({'LUNCH BAG APPLE DESIGN'}),frozenset({'LUNCH BAG  BLACK SKULL.'}),0.05077409688696521,0.06747683258420731,0.02202985405915321,0.43387978142076505,6.4300555435720455,1.0,0.01860377882389714,1.647217564064576,0.8896516048547198,0.22895040369088815,0.39291565254291033,0.3801800222893299,LUNCH BAG APPLE DESIGN,LUNCH BAG  BLACK SKULL.,LUNCH BAG APPLE DESIGN → LUNCH BAG  BLACK SKULL.
frozenset({'DOTCOM POSTAGE'}),frozenset({'JUMBO BAG RED RETROSPOT'}),0.03917651628655457,0.10737472948227068,0.026913045890905055,0.6869688385269122,6.397863276017304,1.0,0.022706478052578485,2.8515540316086736,0.8780986630387216,0.22495361781076068,0.6493140270479599,0.4688074166794768,DOTCOM POSTAGE,JUMBO BAG RED RETROSPOT,DOTCOM POSTAGE → JUMBO BAG RED RETROSPOT
frozenset({'JUMBO BAG PINK POLKADOT'}),frozenset({'JUMBO BAG RED RETROSPOT'}),0.06431385605682259,0.10737472948227068,0.04356029077187725,0.6773080241587576,6.307890389335902,1.0,0.03665460787581423,2.766183659171252,0.8993062454529728,0.33997401472498917,0.6384911042748335,0.5414963893403607,JUMBO BAG PINK POLKADOT,JUMBO BAG RED RETROSPOT,JUMBO BAG PINK POLKADOT → JUMBO BAG RED RETROSPOT
frozenset({'JUMBO BAG RED RETROSPOT'}),frozenset({'JUMBO BAG PINK POLKADOT'}),0.10737472948227068,0.06431385605682259,0.04356029077187725,0.4056847545219638,6.307890389335902,1.0,0.03665460787581423,1.5743936422000417,0.9426894138274291,0.33997401472498917,0.3648348334266581,0.5414963893403607,JUMBO BAG RED RETROSPOT,JUMBO BAG PINK POLKADOT,JUMBO BAG RED RETROSPOT → JUMBO BAG PINK POLKADOT
frozenset({'JUMBO BAG SCANDINAVIAN BLUE PAISLEY'}),frozenset({'JUMBO BAG RED RETROSPOT'}),0.035236668331391156,0.10737472948227068,0.023750069363520337,0.674015748031496,6.2772288347677465,1.0,0.019966541633580717,2.7382466027959325,0.8713992405534154,0.19981325863678806,0.6348027971699359,0.447602189261226,JUMBO BAG SCANDINAVIAN BLUE PAISLEY,JUMBO BAG RED RETROSPOT,JUMBO BAG SCANDINAVIAN BLUE PAISLEY → JUMBO BAG RED RETROSPOT
frozenset({'LUNCH BAG RED RETROSPOT'}),frozenset({'LUNCH BAG SPACEBOY DESIGN '}),0.07724321624771101,0.05759946728816381,0.027800898951223573,0.3599137931034483,6.248561142116803,1.0,0.02335173084373098,1.472302515751825,0.9102757861509526,0.25972006220839816,0.32079176032015794,0.42128637632051025,LUNCH BAG RED RETROSPOT,LUNCH BAG SPACEBOY DESIGN ,LUNCH BAG RED RETROSPOT → LUNCH BAG SPACEBOY DESIGN 
frozenset({'LUNCH BAG SPACEBOY DESIGN '}),frozenset({'LUNCH BAG RED RETROSPOT'}),0.05759946728816381,0.07724321624771101,0.027800898951223573,0.48265895953757226,6.248561142116802,1.0,0.02335173084373098,1.7836527775323576,0.8913016574164866,0.25972006220839816,0.4393527638358644,0.42128637632051025,LUNCH BAG SPACEBOY DESIGN ,LUNCH BAG RED RETROSPOT,LUNCH BAG SPACEBOY DESIGN  → LUNCH BAG RED RETROSPOT
frozenset({'JUMBO SHOPPER VINTAGE RED PAISLEY'}),frozenset({'JUMBO BAG PINK POLKADOT'}),0.062871094833805,0.06431385605682259,0.02519283058653793,0.40070609002647845,6.230478385131293,1.0,0.021149348043261754,1.5613142873160828,0.8958198559256424,0.24700761697497284,0.35951396325270835,0.3962115437190201,JUMBO SHOPPER VINTAGE RED PAISLEY,JUMBO BAG PINK POLKADOT,JUMBO SHOPPER VINTAGE RED PAISLEY → JUMBO BAG PINK POLKADOT
frozenset({'JUMBO BAG PINK POLKADOT'}),frozenset({'JUMBO SHOPPER VINTAGE RED PAISLEY'}),0.06431385605682259,0.062871094833805,0.02519283058653793,0.39171699741156174,6.230478385131293,1.0,0.021149348043261754,1.540613334876057,0.8972011461791156,0.24700761697497284,0.3509078641848505,0.3962115437190201,JUMBO BAG PINK POLKADOT,JUMBO SHOPPER VINTAGE RED PAISLEY,JUMBO BAG PINK POLKADOT → JUMBO SHOPPER VINTAGE RED PAISLEY
frozenset({'LUNCH BAG CARS BLUE'}),frozenset({'LUNCH BAG RED RETROSPOT'}),0.05909771932745131,0.07724321624771101,0.02824482548138283,0.4779342723004695,6.187394770924397,1.0,0.023679927567625977,1.7675107458564527,0.8910394915581806,0.2612936344969199,0.4342325768913801,0.42179759592034965,LUNCH BAG CARS BLUE,LUNCH BAG RED RETROSPOT,LUNCH BAG CARS BLUE → LUNCH BAG RED RETROSPOT
frozenset({'LUNCH BAG RED RETROSPOT'}),frozenset({'LUNCH BAG CARS BLUE'}),0.07724321624771101,0.05909771932745131,0.02824482548138283,0.36566091954022983,6.187394770924396,1.0,0.023679927567625977,1.4832796995426814,0.9085612856371705,0.2612936344969199,0.3258183198298232,0.42179759592034965,LUNCH BAG RED RETROSPOT,LUNCH BAG CARS BLUE,LUNCH BAG RED RETROSPOT → LUNCH BAG CARS BLUE
frozenset({'LUNCH BAG APPLE DESIGN'}),frozenset({'LUNCH BAG RED RETROSPOT'}),0.05077409688696521,0.07724321624771101,0.02391654181233006,0.47103825136612026,6.098118051629923,1.0,0.019994587266707976,1.7444678866391414,0.8807334260539511,0.2297441364605544,0.4267592956803688,0.39033234407386475,LUNCH BAG APPLE DESIGN,LUNCH BAG RED RETROSPOT,LUNCH BAG APPLE DESIGN → LUNCH BAG RED RETROSPOT
frozenset({'LUNCH BAG RED RETROSPOT'}),frozenset({'LUNCH BAG APPLE DESIGN'}),0.07724321624771101,0.05077409688696521,0.02391654181233006,0.30962643678160917,6.098118051629922,1.0,0.019994587266707976,1.3749453248005665,0.9059971126392979,0.2297441364605544,0.27269835246354374,0.39033234407386475,LUNCH BAG RED RETROSPOT,LUNCH BAG APPLE DESIGN,LUNCH BAG RED RETROSPOT → LUNCH BAG APPLE DESIGN
frozenset({'JUMBO BAG STRAWBERRY'}),frozenset({'JUMBO BAG RED RETROSPOT'}),0.04378225403695688,0.10737472948227068,0.028633261195272184,0.6539923954372624,6.090747782002535,1.0,0.023932153511929885,2.579785122485306,0.8740860027855153,0.23369565217391305,0.6123708167459223,0.4603295310519645,JUMBO BAG STRAWBERRY,JUMBO BAG RED RETROSPOT,JUMBO BAG STRAWBERRY → JUMBO BAG RED RETROSPOT
frozenset({'JUMBO BAG WOODLAND ANIMALS'}),frozenset({'JUMBO BAG RED RETROSPOT'}),0.04078574995838189,0.10737472948227068,0.026302646911936074,0.6448979591836734,6.006049675684227,1.0,0.021923288043423285,2.513714842262571,0.8689416473710341,0.2158469945355191,0.6021824022410157,0.44492959974687546,JUMBO BAG WOODLAND ANIMALS,JUMBO BAG RED RETROSPOT,JUMBO BAG WOODLAND ANIMALS → JUMBO BAG RED RETROSPOT
frozenset({'JUMBO BAG SPACEBOY DESIGN'}),frozenset({'JUMBO BAG RED RETROSPOT'}),0.03451528771988236,0.10737472948227068,0.021641418345263858,0.6270096463022508,5.839452628430419,1.0,0.01793534866333875,2.393159130439774,0.8583782445498634,0.17997231195200736,0.5821422874557293,0.414280016949575,JUMBO BAG SPACEBOY DESIGN,JUMBO BAG RED RETROSPOT,JUMBO BAG SPACEBOY DESIGN → JUMBO BAG RED RETROSPOT
frozenset({'JUMBO  BAG BAROQUE BLACK WHITE'}),frozenset({'JUMBO BAG RED RETROSPOT'}),0.05049664280561567,0.10737472948227068,0.03162976527384718,0.6263736263736264,5.833529261436238,1.0,0.026207701912831345,2.3890852828562754,0.8726427136744908,0.2505494505494505,0.5814297600944375,0.4604736348922396,JUMBO  BAG BAROQUE BLACK WHITE,JUMBO BAG RED RETROSPOT,JUMBO  BAG BAROQUE BLACK WHITE → JUMBO BAG RED RETROSPOT
frozenset({'JUMBO STORAGE BAG SUKI'}),frozenset({'JUMBO BAG RED RETROSPOT'}),0.06270462238499529,0.10737472948227068,0.03873258975639532,0.6176991150442478,5.752741990807436,1.0,0.031999697890518514,2.3348762863079493,0.8814402271500106,0.2948880439374736,0.5717117836760157,0.48921131462806705,JUMBO STORAGE BAG SUKI,JUMBO BAG RED RETROSPOT,JUMBO STORAGE BAG SUKI → JUMBO BAG RED RETROSPOT
frozenset({'JUMBO BAG RED RETROSPOT'}),frozenset({'JUMBO STORAGE BAG SUKI'}),0.10737472948227068,0.06270462238499529,0.03873258975639532,0.3607235142118863,5.752741990807436,1.0,0.031999697890518514,1.4661815324858805,0.9255505953494237,0.2948880439374736,0.31795621630527515,0.48921131462806705,JUMBO BAG RED RETROSPOT,JUMBO STORAGE BAG SUKI,JUMBO BAG RED RETROSPOT → JUMBO STORAGE BAG SUKI
frozenset({'JUMBO BAG OWLS'}),frozenset({'JUMBO BAG RED RETROSPOT'}),0.034237833638532826,0.10737472948227068,0.020531602019865713,0.59967585089141,5.58488811830186,1.0,0.016855323894869264,2.2297562425483357,0.8500492275773821,0.1695692025664528,0.5515204842045318,0.39544516058782386,JUMBO BAG OWLS,JUMBO BAG RED RETROSPOT,JUMBO BAG OWLS → JUMBO BAG RED RETROSPOT
frozenset({'JUMBO BAG PINK VINTAGE PAISLEY'}),frozenset({'JUMBO BAG RED RETROSPOT'}),0.04522501525997447,0.10737472948227068,0.027079518339714777,0.5987730061349693,5.576479764112808,1.0,0.022223494560343456,2.2247388240732398,0.8595484943300373,0.21573828470380194,0.5505090354070796,0.4254846942819549,JUMBO BAG PINK VINTAGE PAISLEY,JUMBO BAG RED RETROSPOT,JUMBO BAG PINK VINTAGE PAISLEY → JUMBO BAG RED RETROSPOT
frozenset({'RED HANGING HEART T-LIGHT HOLDER'}),frozenset({'WHITE HANGING HEART T-LIGHT HOLDER'}),0.03906553465401476,0.11997114477553965,0.025969702014316632,0.6647727272727274,5.541105142544783,1.0,0.021282965100605965,2.625170822364493,0.8528475303898299,0.19516263552960803,0.6190724079817026,0.440619481120175,RED HANGING HEART T-LIGHT HOLDER,WHITE HANGING HEART T-LIGHT HOLDER,RED HANGING HEART T-LIGHT HOLDER → WHITE HANGING HEART T-LIGHT HOLDER
frozenset({'JUMBO STORAGE BAG SKULLS'}),frozenset({'JUMBO BAG RED RETROSPOT'}),0.03795571832861661,0.10737472948227068,0.02247378058931247,0.5921052631578948,5.514381884944921,1.0,0.018398295601472,2.1883716309466914,0.8509546057564746,0.18292682926829268,0.5430392233848329,0.4007037943696451,JUMBO STORAGE BAG SKULLS,JUMBO BAG RED RETROSPOT,JUMBO STORAGE BAG SKULLS → JUMBO BAG RED RETROSPOT
frozenset({'JUMBO SHOPPER VINTAGE RED PAISLEY'}),frozenset({'JUMBO BAG RED RETROSPOT'}),0.062871094833805,0.10737472948227068,0.03645746628932912,0.5798764342453664,5.4004926209487065,1.0,0.02970669948929512,2.1246731754129993,0.8694979980921852,0.2725010369141435,0.5293393771935688,0.4597056589831483,JUMBO SHOPPER VINTAGE RED PAISLEY,JUMBO BAG RED RETROSPOT,JUMBO SHOPPER VINTAGE RED PAISLEY → JUMBO BAG RED RETROSPOT
frozenset({'JUMBO BAG RED RETROSPOT'}),frozenset({'JUMBO SHOPPER VINTAGE RED PAISLEY'}),0.10737472948227068,0.062871094833805,0.03645746628932912,0.33953488372093027,5.4004926209487065,1.0,0.02970669948929512,1.418892356413605,0.9128485758908879,0.2725010369141435,0.29522490167781174,0.4597056589831483,JUMBO BAG RED RETROSPOT,JUMBO SHOPPER VINTAGE RED PAISLEY,JUMBO BAG RED RETROSPOT → JUMBO SHOPPER VINTAGE RED PAISLEY
frozenset({'JUMBO BAG APPLES'}),frozenset({'JUMBO BAG RED RETROSPOT'}),0.049109372398867986,0.10737472948227068,0.028189334665112923,0.5740112994350283,5.345869574738318,1.0,0.022916229088740383,2.0954200647432106,0.8549244993272901,0.21972318339100344,0.5227687198258514,0.4182717995883152,JUMBO BAG APPLES,JUMBO BAG RED RETROSPOT,JUMBO BAG APPLES → JUMBO BAG RED RETROSPOT
frozenset({'RECYCLING BAG RETROSPOT '}),frozenset({'JUMBO BAG RED RETROSPOT'}),0.039398479551634204,0.10737472948227068,0.022307308140502746,0.5661971830985916,5.273095316082542,1.0,0.01807690705663325,2.0576751365830774,0.8435944016271252,0.1792242532322782,0.5140146361195896,0.38697456054154383,RECYCLING BAG RETROSPOT ,JUMBO BAG RED RETROSPOT,RECYCLING BAG RETROSPOT  → JUMBO BAG RED RETROSPOT
frozenset({'RECIPE BOX PANTRY YELLOW DESIGN'}),frozenset({'SET OF 3 CAKE TINS PANTRY DESIGN '}),0.056989068309194826,0.068864102990955,0.020531602019865713,0.36027263875365145,5.231646432699076,1.0,0.01660710095046275,1.4555198877142912,0.8577372299921434,0.19494204425711276,0.31296026358638573,0.3292096473381473,RECIPE BOX PANTRY YELLOW DESIGN,SET OF 3 CAKE TINS PANTRY DESIGN ,RECIPE BOX PANTRY YELLOW DESIGN → SET OF 3 CAKE TINS PANTRY DESIGN 
frozenset({'GREEN REGENCY TEACUP AND SAUCER'}),frozenset({'REGENCY CAKESTAND 3 TIER'}),0.05171744076355363,0.09350202541479385,0.02519283058653793,0.4871244635193133,5.2097744552412735,1.0,0.020357145125876042,1.7674814065134146,0.8521227169601592,0.2098936662043458,0.43422318542369887,0.3782803326498644,GREEN REGENCY TEACUP AND SAUCER,REGENCY CAKESTAND 3 TIER,GREEN REGENCY TEACUP AND SAUCER → REGENCY CAKESTAND 3 TIER
frozenset({'RED RETROSPOT CHARLOTTE BAG'}),frozenset({'LUNCH BAG RED RETROSPOT'}),0.050108207091726316,0.07724321624771101,0.020032184673436548,0.39977851605758585,5.175580918012755,1.0,0.016161665597265246,1.537360471823463,0.8493440835471824,0.18665977249224405,0.34953446616596034,0.32955879825867795,RED RETROSPOT CHARLOTTE BAG,LUNCH BAG RED RETROSPOT,RED RETROSPOT CHARLOTTE BAG → LUNCH BAG RED RETROSPOT
frozenset({'ROSES REGENCY TEACUP AND SAUCER '}),frozenset({'REGENCY CAKESTAND 3 TIER'}),0.05304922035403141,0.09350202541479385,0.02519283058653793,0.47489539748953974,5.078985138373291,1.0,0.020232621036760285,1.7263188519989188,0.848101389994979,0.20759030635573844,0.4207327349509669,0.3721657996349776,ROSES REGENCY TEACUP AND SAUCER ,REGENCY CAKESTAND 3 TIER,ROSES REGENCY TEACUP AND SAUCER  → REGENCY CAKESTAND 3 TIER
frozenset({'SPOTTY BUNTING'}),frozenset({'PARTY BUNTING'}),0.05771044892070362,0.08839687031796238,0.025081848953998113,0.4346153846153846,4.916637693756337,1.0,0.019980425884763283,1.612359276988638,0.845397224279296,0.2072443833104081,0.3797908355340788,0.3591783765512579,SPOTTY BUNTING,PARTY BUNTING,SPOTTY BUNTING → PARTY BUNTING
frozenset({'JUMBO BAG VINTAGE LEAF'}),frozenset({'JUMBO BAG RED RETROSPOT'}),0.045280506076244384,0.10737472948227068,0.02241828977304256,0.49509803921568624,4.6109363125095,1.0,0.017556307682285506,1.7679180115108426,0.8202663858364913,0.1721346399659139,0.43436290965472346,0.35194178446572427,JUMBO BAG VINTAGE LEAF,JUMBO BAG RED RETROSPOT,JUMBO BAG VINTAGE LEAF → JUMBO BAG RED RETROSPOT
frozenset({'JUMBO BAG ALPHABET'}),frozenset({'JUMBO BAG RED RETROSPOT'}),0.047056212196881414,0.10737472948227068,0.02202985405915321,0.46816037735849064,4.360061064794501,1.0,0.016977206004052742,1.6783730141885467,0.8086997616931622,0.16638725901089688,0.4041848912332065,0.3366641680074107,JUMBO BAG ALPHABET,JUMBO BAG RED RETROSPOT,JUMBO BAG ALPHABET → JUMBO BAG RED RETROSPOT
frozenset({'RED RETROSPOT CHARLOTTE BAG'}),frozenset({'JUMBO BAG RED RETROSPOT'}),0.050108207091726316,0.10737472948227068,0.021363964263914324,0.42635658914728686,3.9707349317949645,1.0,0.01598360908259861,1.5560629715782042,0.7876238727973743,0.15695067264573992,0.35735248620062515,0.31266149870801035,RED RETROSPOT CHARLOTTE BAG,JUMBO BAG RED RETROSPOT,RED RETROSPOT CHARLOTTE BAG → JUMBO BAG RED RETROSPOT
frozenset({'LUNCH BAG RED RETROSPOT'}),frozenset({'JUMBO BAG RED RETROSPOT'}),0.07724321624771101,0.10737472948227068,0.02946562343932079,0.3814655172413793,3.5526563753007214,1.0,0.02117165399038229,1.4431293572133321,0.7786672456021797,0.18991416309012876,0.3070614252273341,0.32794206094627104,LUNCH BAG RED RETROSPOT,JUMBO BAG RED RETROSPOT,LUNCH BAG RED RETROSPOT → JUMBO BAG RED RETROSPOT
frozenset({'WOODEN PICTURE FRAME WHITE FINISH'}),frozenset({'WHITE HANGING HEART T-LIGHT HOLDER'}),0.05970811830642029,0.11997114477553965,0.02241828977304256,0.3754646840148699,3.1296249170360637,1.0,0.015255038467427963,1.4090938217582134,0.7236826190733561,0.1425546930134086,0.2903240475838306,0.28116434940798996,WOODEN PICTURE FRAME WHITE FINISH,WHITE HANGING HEART T-LIGHT HOLDER,WOODEN PICTURE FRAME WHITE FINISH → WHITE HANGING HEART T-LIGHT HOLDER
frozenset({'NATURAL SLATE HEART CHALKBOARD '}),frozenset({'WHITE HANGING HEART T-LIGHT HOLDER'}),0.06764330503301703,0.11997114477553965,0.022751234670662004,0.3363412633305988,2.8035179955970033,1.0,0.014635989929449927,1.3260261736942116,0.6899776739702881,0.1380006731740155,0.2458670727335091,0.2629902431361597,NATURAL SLATE HEART CHALKBOARD ,WHITE HANGING HEART T-LIGHT HOLDER,NATURAL SLATE HEART CHALKBOARD  → WHITE HANGING HEART T-LIGHT HOLDER
frozenset({'LUNCH BAG  BLACK SKULL.'}),frozenset({'JUMBO BAG RED RETROSPOT'}),0.06747683258420731,0.10737472948227068,0.020254147938516175,0.30016447368421056,2.7954852611179115,1.0,0.013008841293466447,1.2754786474142878,0.6887553850982054,0.13101220387652548,0.21598060302518704,0.24439748232014147,LUNCH BAG  BLACK SKULL.,JUMBO BAG RED RETROSPOT,LUNCH BAG  BLACK SKULL. → JUMBO BAG RED RETROSPOT
frozenset({'HEART OF WICKER SMALL'}),frozenset({'WHITE HANGING HEART T-LIGHT HOLDER'}),0.06459131013817214,0.11997114477553965,0.020809056101215247,0.3221649484536082,2.6853536244599785,1.0,0.013059962681386816,1.2982935202550974,0.6709469063297145,0.12707556760420194,0.2297581522216075,0.24780772862088365,HEART OF WICKER SMALL,WHITE HANGING HEART T-LIGHT HOLDER,HEART OF WICKER SMALL → WHITE HANGING HEART T-LIGHT HOLDER
